A,R,N,D,C,Q,E,G,H,I,L,K,M,F,P,S,T,W,Y,V,rank,blsm_mut_score
0.0442496614638096,0.019417912453671516,0.031171909154510208,0.028744842566288935,0.03059618239701791,0.020523715792672488,0.022065298594638464,0.032727363258481905,0.04679442282942398,0.04458170014648361,0.04747867026578566,0.037422554711167885,0.018492423195440456,0.05328870732191689,0.026828686656775368,0.03789179029924185,0.028225836791259996,0.013913357310394767,0.03139962820091075,0.04053359702716307,0.2865410506765109,0.05711068888643378
