A,R,N,D,C,Q,E,G,H,I,L,K,M,F,P,S,T,W,Y,V,rank,aliphatic_index,boman,hydrophobicity,isoelectric_point,VHSE1,VHSE3,VHSE7,VHSE8
0.01835865892163808,0.01902971897299147,0.007455805126935694,0.03428445238040413,0.0,0.014218612089767596,0.022701039225990982,0.013652051359613854,0.01301938401486361,0.022512938199137605,0.054459761879335246,0.015445581669446692,0.0249409905787378,0.029214184631957813,0.019432273526940443,0.04135672573202716,0.014968313187021659,0.006639395306044146,0.01974854835904069,0.02969329722574074,0.1608241192229546,0.04942776003216017,0.0640377607490006,0.05611277420283358,0.03157058226689572,0.08444044946269261,0.05163969930680394,0.03856922309128006,0.042245899277743346
