A,R,N,D,C,Q,E,G,H,I,L,K,M,F,P,S,T,W,Y,V,rank,core_blsm_mut_score,core_mutation_score,ratio_rank
0.022372031433512907,0.017753675167036836,0.01075745572645989,0.02439984671552562,0.0,0.013590604718114681,0.01996595603520462,0.015038450729290035,0.020972164424696422,0.05022594164884932,0.08106242997361393,0.02507400118309716,0.03854056728173147,0.041459261565114224,0.024766248634693167,0.0435210590307246,0.021574578885155803,0.014194314177355689,0.03135062566015813,0.047115792965389855,0.23601839520426057,0.06137269028388211,0.036852731153985616,0.10202117740214738
