A,R,N,D,C,Q,E,G,H,I,L,K,M,F,P,S,T,W,Y,V,rank,dissimilarity_score,core_blsm_mut_score,core_mutation_score
0.026299232067520432,0.01940615447015025,0.014611948331739722,0.023984229215641407,0.007633746416056994,0.021094960735481345,0.01951726991436054,0.01788352848899372,0.017306191591609683,0.05655131015812701,0.0535888071200757,0.01758664851599929,0.032160565338186974,0.048697196959865706,0.024839777771879484,0.05027991343978614,0.024238709988336347,0.018191621613646545,0.04952605990034305,0.04763832407294251,0.22492257892099196,0.09967212797705878,0.04916305160084621,0.03520604539036024
