A,R,N,D,C,Q,E,G,H,I,L,K,M,F,P,S,T,W,Y,V,rank,blsm_mut_score
0.044094672415590994,0.02259749868147772,0.03198893528876315,0.025496799533936677,0.0,0.020339342401977795,0.026161451747834585,0.03881583087102143,0.04335098859950502,0.0422737192826393,0.04496368199489102,0.03726109689945609,0.020485571643538314,0.05558931244730899,0.026541947314175245,0.038628795275113564,0.030270303824888732,0.015213080047441064,0.028973032963026446,0.03943867673876002,0.3045705019053482,0.06294476012330563
