A,R,N,D,C,Q,E,G,H,I,L,K,M,F,P,S,T,W,Y,V,rank,core_blsm_mut_score,core_mutation_score
0.02990844227544322,0.02203117169218656,0.017095401709545176,0.026711318285429858,0.0,0.024121085284353118,0.022703160637507165,0.020647141427799127,0.02004172995407267,0.06156491768904915,0.05931230414495072,0.020838851286790604,0.03596525775210897,0.05320707043079962,0.028494802297446976,0.05635743208125306,0.028274054125215848,0.02081271181562005,0.05395585846457055,0.0524529807538779,0.24648017359771446,0.058328104391144144,0.04069602990312114
