ccp_alpha,max_depth,n_estimators,score_avg_valid_auc,score_avg_train_auc,score_avg_valid_auc_01,score_avg_train_auc_01,score_avg_valid_f1score,score_avg_train_f1score,score_test_auc,score_test_auc_01,score_test_f1
1e-10,3.0,100,0.670465939699918,0.7579440830444065,0.5545332260582636,0.6338175957299597,0.0,0.0038235436434999725,0.7152257381173045,0.5875114105932114,0.0
1e-10,,100,0.670828180266047,1.0,0.5679424244272673,1.0,0.11305496686479574,1.0,0.7116907189196346,0.5608785634150251,0.10526315789473685
