ccp_alpha,max_depth,n_estimators,score_avg_valid_auc,score_avg_train_auc,score_avg_valid_auc_01,score_avg_train_auc_01,score_avg_valid_f1score,score_avg_train_f1score,score_test_auc,score_test_auc_01,score_test_f1
1e-10,3.0,100,0.6897911114895773,0.7584608718613197,0.5657891818268376,0.6308901129115492,0.0,0.024155733103145643,0.6605097030628945,0.5462332864348542,0.0
1e-10,,100,0.695156942371416,1.0,0.5738963983109137,1.0,0.17622549497733486,1.0,0.6968150053256437,0.5534799902101134,0.07643312101910828
