ccp_alpha,max_depth,n_estimators,score_avg_valid_auc,score_avg_train_auc,score_avg_valid_auc_01,score_avg_train_auc_01,score_avg_valid_f1score,score_avg_train_f1score,score_test_auc,score_test_auc_01,score_test_f1
1e-10,3.0,100,0.679347182302999,0.756705409690299,0.5676933412411429,0.6298603027471645,0.0037878787878787884,0.03456586750432726,0.6765203417068425,0.5455779769138654,0.0
1e-10,,100,0.677139793201424,1.0,0.5710161410912694,1.0,0.16329385923666703,1.0,0.706497222927063,0.5739645146020765,0.13605442176870747
