ccp_alpha,max_depth,n_estimators,score_avg_valid_auc,score_avg_train_auc,score_avg_valid_auc_01,score_avg_train_auc_01,score_avg_valid_f1score,score_avg_train_f1score,score_test_auc,score_test_auc_01,score_test_f1
1e-10,3.0,100,0.6774550893344077,0.7536095128361502,0.5585692680294203,0.622872340932688,0.0,0.0008425555228116917,0.736501210653753,0.6256531158404486,0.0
1e-10,,100,0.6898472375789174,1.0,0.5608403347252143,1.0,0.12497891068452141,1.0,0.7601089588377724,0.635210908627501,0.22535211267605634
