ccp_alpha,max_depth,n_estimators,score_avg_valid_auc,score_avg_train_auc,score_avg_valid_auc_01,score_avg_train_auc_01,score_avg_valid_f1score,score_avg_train_f1score,score_test_auc,score_test_auc_01,score_test_f1
1e-10,3.0,100,0.6876732483627039,0.7679184111862003,0.5668098411058291,0.6333209059857967,0.011551480135977007,0.04452559845382188,0.6423688136472726,0.5377488281903435,0.014705882352941178
1e-10,,100,0.7175267101863967,1.0,0.5767270588403547,1.0,0.1620487145146399,1.0,0.6648504897191413,0.5423234092235844,0.0684931506849315
