ccp_alpha,max_depth,n_estimators,score_avg_valid_auc,score_avg_train_auc,score_avg_valid_auc_01,score_avg_train_auc_01,score_avg_valid_f1score,score_avg_train_f1score,score_test_auc,score_test_auc_01,score_test_f1
1e-10,3.0,100,0.6823772872979058,0.7469140424235458,0.5591069797913633,0.6197524509247703,0.0,0.016022859222516537,0.7063725490196078,0.5708634330925353,0.0
1e-10,,100,0.7009388684555614,1.0,0.5735750323919908,1.0,0.16993021087473414,1.0,0.7181644880174292,0.5846233230134159,0.10526315789473684
