A,R,N,D,C,Q,E,G,H,I,L,K,M,F,P,S,T,W,Y,V,rank,aliphatic_index,boman,hydrophobicity,isoelectric_point,VHSE1,VHSE3,VHSE7,VHSE8
0.019967791378625623,0.013818474326818531,0.008299609063441385,0.04203383624160455,0.0,0.013700128460231295,0.03020779608651346,0.014994595331145558,0.016746704634710653,0.025841741901014997,0.05001714840546069,0.012987450103888057,0.027964650433159117,0.02831298782386173,0.016828809900117377,0.03489036849081194,0.01621697286142782,0.007517453106248564,0.01900568232724586,0.032347426037970334,0.18882587687723104,0.04744294532193877,0.04916908402724003,0.04596399353878027,0.030015246165670206,0.06612311895096017,0.05798568157209318,0.04206799750627716,0.04070642912551168
