A,R,N,D,C,Q,E,G,H,I,L,K,M,F,P,S,T,W,Y,V,rank,dissimilarity_score,core_mutation_score
0.027212913773025225,0.019721727570947083,0.015032401976038848,0.02513285325915065,0.0,0.01605664520303068,0.020078157508539026,0.02004020220386679,0.02259210047844399,0.05911237302155207,0.045569194575865266,0.017686847496925628,0.030141938506833797,0.05121702555207082,0.022685470101761973,0.04207712613685254,0.02494240368893146,0.01788091491451525,0.046484214505902635,0.04060096913003178,0.26939498159640307,0.11534380921383589,0.0509957295854756
