A,R,N,D,C,Q,E,G,H,I,L,K,M,F,P,S,T,W,Y,V,rank,dissimilarity_score,core_mutation_score
0.026646795664300033,0.019258991212555972,0.014754433523776173,0.024735323954197398,0.009238496151987846,0.015782506181473126,0.01963705430129805,0.019679880818173713,0.02232438335666926,0.05874939121062889,0.045270015797155,0.017315366532215336,0.029821319580340032,0.05082475004138868,0.022278310385621856,0.041872597736710246,0.024480499106628494,0.01778151880308691,0.04608135955227814,0.04021489668228591,0.2688177640911506,0.11412241738252846,0.05031192793354986
