A,R,N,D,C,Q,E,G,H,I,L,K,M,F,P,S,T,W,Y,V,rank,blsm_mut_score,mutation_score,ratio_rank
0.0376000993262557,0.015908630198603967,0.03021068351961384,0.023289271299931406,0.0,0.016900223324528427,0.01931496715626361,0.028160657301746606,0.04253464359545047,0.041333892690644115,0.038355341678527916,0.03341628229305145,0.015616215085173612,0.046799823368628125,0.02369260773650129,0.033700035738422174,0.023926449811532108,0.013075771810280879,0.02657531460049612,0.035786755867786825,0.23371187837273566,0.04725236883274007,0.030256003392918073,0.14258208299816758
