A,R,N,D,C,Q,E,G,H,I,L,K,M,F,P,S,T,W,Y,V,rank,core_blsm_mut_score,core_mutation_score
0.02950323736195361,0.021872191304612494,0.016727046083066684,0.026540789453064928,0.009024155497613968,0.023756603093955657,0.02254100547833427,0.020273047503186096,0.019956417669207444,0.06143902559797707,0.05865881339273395,0.02039359242958247,0.03581659305787209,0.053133678593627845,0.028272979947173354,0.0557731216018307,0.027511599129585517,0.020673215719422065,0.053569788970149836,0.052023875368810556,0.24453120969723216,0.057942734899557494,0.04006527814944976
