A,R,N,D,C,Q,E,G,H,I,L,K,M,F,P,S,T,W,Y,V,rank,aliphatic_index,boman,hydrophobicity,isoelectric_point,VHSE1,VHSE3,VHSE7,VHSE8
0.018196813004799518,0.017406690720548033,0.007315938454768331,0.028790556729088528,0.018154428853396992,0.013350295436501968,0.019738554685217565,0.012028032237095468,0.013659113505728107,0.022875532414627715,0.057573354060231965,0.01253923088292771,0.0226886908943026,0.026395075502074206,0.02167839717611401,0.03805539403648204,0.014404411864590173,0.0058778116108658945,0.01991777664905675,0.030142593904602326,0.16016740198167972,0.04914181164920329,0.06479212213224814,0.05612887245530027,0.03160512161605691,0.08529399365040674,0.052323507530620206,0.03780605079442939,0.04195242556703547
