A,R,N,D,C,Q,E,G,H,I,L,K,M,F,P,S,T,W,Y,V,rank,blsm_mut_score,mutation_score
0.030468261415558574,0.02151450938354438,0.017274511885593286,0.027044054633263908,0.010712438288757144,0.01778942366881523,0.02290454945776438,0.02180510624723237,0.026338286824053436,0.06239168374362195,0.049002498052081164,0.019623247023804163,0.032753958873859,0.05517318634376679,0.02518063882000915,0.04585650939181004,0.028451618308409615,0.01910663778535341,0.049871928761442884,0.04330842348113802,0.2813878669848284,0.05897313075631892,0.03306752986897375
