A,R,N,D,C,Q,E,G,H,I,L,K,M,F,P,S,T,W,Y,V,rank,core_blsm_mut_score,core_mutation_score,ratio_rank
0.022221871217834543,0.017369777519016073,0.01041850628129071,0.023869220927961805,0.009941675669227587,0.013024986843097197,0.01959651025443922,0.014715537563654624,0.020664723378251145,0.0498706899395658,0.08026791993982489,0.024765273579808192,0.038198286833568074,0.04094437105913919,0.024454335973955132,0.04286953231362357,0.02101671517467557,0.01407441975633294,0.031094305512615012,0.04701044929314319,0.23626755464960758,0.06027210098337295,0.036066900492869765,0.10100433484312528
