A,R,N,D,C,Q,E,G,H,I,L,K,M,F,P,S,T,W,Y,V,rank,blsm_mut_score,mutation_score
0.031004779605800614,0.021990912315817873,0.017660086093617886,0.027488174499741325,0.0,0.01811435300234578,0.02325188947882472,0.022082058216717326,0.02653415919680216,0.06288131148681571,0.049190625028808506,0.019972589958338123,0.032959981894714704,0.05578186568273134,0.02557961400051447,0.04636899687784784,0.02898363462731108,0.019470852328621408,0.04999817633850353,0.043965685273443515,0.2832649913842299,0.05958137718824169,0.033873885520210555
