A,R,N,D,C,Q,E,G,H,I,L,K,M,F,P,S,T,W,Y,V,rank,dissimilarity_score,mutation_score,ratio_rank
0.033473814748304034,0.014434967039242585,0.025722422733643446,0.022320581093574536,0.024881326091102867,0.015751678763730563,0.016137036212245624,0.02548806009257539,0.03904513267248907,0.03765799930921195,0.03647068007438219,0.029921418072092885,0.01363402500683413,0.0420023482750917,0.021744608389273137,0.029872457695433736,0.02105323786581301,0.011667414135361582,0.023412527212212382,0.031193244941700164,0.22229475662007658,0.10034121501285835,0.02685089978021471,0.13462814816253538
