A,R,N,D,C,Q,E,G,H,I,L,K,M,F,P,S,T,W,Y,V,rank,dissimilarity_score,blsm_mut_score
0.037273669209585726,0.018936595431846875,0.02521510147827436,0.022796854677945132,0.026830932208026355,0.01678205359801616,0.02109804897994304,0.03208875104026167,0.03680254344144112,0.03613594881006021,0.03761486784392297,0.02995569213484659,0.017602853778978696,0.046609955664835744,0.022345239197417932,0.03168600037194017,0.023606262310406977,0.013068504372235262,0.02315188236257453,0.03424298557582579,0.27325375791594975,0.12203184908555298,0.05086965051011203
