A,R,N,D,C,Q,E,G,H,I,L,K,M,F,P,S,T,W,Y,V,rank,aliphatic_index,boman,hydrophobicity,isoelectric_point,VHSE1,VHSE3,VHSE7,VHSE8
0.023593473514792712,0.023543333633238673,0.03084006880547415,0.04339220547963127,0.03571874682770081,0.0252589125714955,0.03226032995410538,0.03581500404806857,0.025808013221690886,0.02488659303072487,0.02961338601307594,0.022905555713011137,0.03476076084220826,0.02424283151855816,0.029736259284450884,0.04445473485578681,0.024172189364794174,0.021528884431751143,0.025634678509015303,0.023140803766831964,0.14548521854773871,0.02701178359579503,0.03999214575847005,0.0328003724407929,0.022687060098676482,0.058889693159222656,0.03531514085481735,0.027777115443956214,0.028734704714124044
