A,R,N,D,C,Q,E,G,H,I,L,K,M,F,P,S,T,W,Y,V,rank,aliphatic_index,boman,hydrophobicity,isoelectric_point,VHSE1,VHSE3,VHSE7,VHSE8
0.01778857093708637,0.01836067088432362,0.007277468530306623,0.0340197368036724,0.013561863255600867,0.013901381952389569,0.02238664635472667,0.01333452658112172,0.012614132581327453,0.022146669002486054,0.05401134133497051,0.015209792532952876,0.024204475588046847,0.028498718778576265,0.01895476487044858,0.0409231178515263,0.014557754546357087,0.0063725628142914815,0.019466405077802607,0.02902174050796614,0.16109844820181346,0.04900775954336698,0.06300182582995359,0.05585027313282477,0.030839185116229063,0.08437477160397558,0.05067475617388577,0.03759339802607756,0.040947241585893135
