A,R,N,D,C,Q,E,G,H,I,L,K,M,F,P,S,T,W,Y,V,rank,aliphatic_index,boman,hydrophobicity,isoelectric_point,VHSE1,VHSE3,VHSE7,VHSE8
0.02353131368147839,0.034486379170259,0.0228114704975771,0.026308753395487515,0.02104512628574542,0.02354185200582748,0.026626763579133232,0.03185873445041747,0.02483955626727178,0.03108445812823333,0.03375495576769992,0.03406363617105235,0.03461747820405571,0.025233789432611897,0.02761162029583044,0.04719428918040279,0.029591338128865035,0.02755591625760625,0.025959921636913567,0.029156883791419192,0.14726688977741184,0.028790676951011285,0.038968382498846335,0.03187753906192744,0.024708750791406983,0.053495798460351185,0.03230802960780862,0.0304496849144407,0.031260011608907755
