A,R,N,D,C,Q,E,G,H,I,L,K,M,F,P,S,T,W,Y,V,rank,aliphatic_index,boman,hydrophobicity,isoelectric_point,VHSE1,VHSE3,VHSE7,VHSE8
0.019370720253526763,0.012251378083978573,0.008277986016914532,0.017536247587370265,0.005614335960915423,0.010728538458079659,0.01486489112615066,0.015539854428019617,0.019678649477187216,0.03353643266092564,0.03439705573067978,0.013798182791608082,0.02329042090597049,0.03704611773226325,0.01548051780873474,0.03243788052334229,0.022440877118923667,0.012061588857485647,0.04033721024414978,0.03405617869852507,0.15474961265082987,0.05318380616412808,0.06508210905439744,0.056817580571022805,0.033042747896866155,0.08266024284822351,0.050192941444225106,0.037962056198267154,0.043563838707288756
