A,R,N,D,C,Q,E,G,H,I,L,K,M,F,P,S,T,W,Y,V,rank,aliphatic_index,boman,hydrophobicity,isoelectric_point,VHSE1,VHSE3,VHSE7,VHSE8
0.02578528241703475,0.03164138941189187,0.019730727952954084,0.023487131116084078,0.0201228343903185,0.02188388246550107,0.027202368763547806,0.026924817665749234,0.024702488885545746,0.028929591658003673,0.022053870129271902,0.029822210259826083,0.024327310456485608,0.03189248721008782,0.026392337151723934,0.04062135010470107,0.028333773827920183,0.026520061316607706,0.03354185523162241,0.02955241191440421,0.1467373376948019,0.040031725848542074,0.04611330681213931,0.039936535073658394,0.02707649211600573,0.0598865972531489,0.03496942872839377,0.029529799119758837,0.03225059502426938
