A,R,N,D,C,Q,E,G,H,I,L,K,M,F,P,S,T,W,Y,V,rank,aliphatic_index,boman,hydrophobicity,isoelectric_point,VHSE1,VHSE3,VHSE7,VHSE8
0.023885982572538177,0.026706122770951718,0.02884225514594941,0.033626681855929694,0.02205497747120843,0.024444479544103285,0.03067480954996802,0.03498791755715204,0.026747381953425797,0.03500014594916915,0.03322534779666181,0.02831762054840687,0.04654536900602594,0.02474118806094571,0.033049405870790034,0.04600896268409317,0.02955559394771872,0.026919707915755115,0.028542502127430414,0.0310394938501345,0.13577400080392485,0.026886850540122027,0.03898269344990241,0.03326406600226967,0.01928928508415119,0.053310469524494974,0.02680339174090678,0.024033777988383055,0.026739518687487075
