A,R,N,D,C,Q,E,G,H,I,L,K,M,F,P,S,T,W,Y,V,rank,aliphatic_index,boman,hydrophobicity,isoelectric_point,VHSE1,VHSE3,VHSE7,VHSE8
0.01953749304116323,0.012326401709991414,0.008350138613820193,0.017758860068032293,0.005678470803118908,0.01078707037416003,0.01431108004850207,0.01570569448601507,0.019697833354407147,0.03304483950382009,0.03333097375485929,0.013636386469185729,0.02336388425692021,0.03678133603178889,0.015675574653008756,0.03279877517514708,0.022251425442231215,0.011764872922796028,0.041683141473091906,0.03383199992581776,0.15439359044015144,0.053422031042657595,0.06505814767729176,0.05730218089776862,0.03323309878070628,0.08238767970632285,0.050487449154325036,0.037878087316483525,0.0435214828764156
