A,R,N,D,C,Q,E,G,H,I,L,K,M,F,P,S,T,W,Y,V,rank,aliphatic_index,boman,hydrophobicity,isoelectric_point,VHSE1,VHSE3,VHSE7,VHSE8
0.02681590990965027,0.025376801049583515,0.02073025481105072,0.026418577673995358,0.02032364822859776,0.02207283191505198,0.027277372266933487,0.02992678460608254,0.02498887923450594,0.02870938824514871,0.020980105740438754,0.02885063568270561,0.023841728556727403,0.03256015961393028,0.02832672545125594,0.039603085661284704,0.027137836902647205,0.02588876852001068,0.029046890409061516,0.02824949477479181,0.14669137672171545,0.039541637276714635,0.047590933759968986,0.040701646474876084,0.0276701330879209,0.06149260741724335,0.03582788564856254,0.03074297504177435,0.032614925317769536
