A,R,N,D,C,Q,E,G,H,I,L,K,M,F,P,S,T,W,Y,V,rank,aliphatic_index,boman,hydrophobicity,isoelectric_point,VHSE1,VHSE3,VHSE7,VHSE8
0.028540766729207558,0.027658099323768844,0.023723105444612064,0.029859310978531572,0.023527099189174037,0.025049735976354508,0.028960081444628954,0.0319412925285469,0.02681458869062616,0.03432748167885462,0.025066485114969107,0.030279919016228053,0.030483783316549173,0.03299442242283992,0.03190290652953916,0.04748150163423178,0.03398408024751455,0.02935391194825849,0.03054766109337371,0.031789187082988085,0.13550304057992857,0.03101637748303488,0.03974391840579963,0.03268057186646257,0.0226360520172924,0.05332418376149328,0.027881727252426408,0.02617664538043238,0.026752062862332726
