A,R,N,D,C,Q,E,G,H,I,L,K,M,F,P,S,T,W,Y,V,rank,aliphatic_index,boman,hydrophobicity,isoelectric_point,VHSE1,VHSE3,VHSE7,VHSE8
0.014889810830075068,0.013935419654628472,0.006201210937083158,0.01815940648749325,0.007485544736680258,0.008795587513843378,0.01498026701875157,0.010537417488426366,0.014235489408986075,0.020491458975528717,0.04122562349957905,0.011285333143248843,0.02191197554285735,0.019442575945324645,0.01390385385065392,0.02860766383590598,0.014735272098718555,0.008831947820622622,0.023625384649075043,0.028614821886539344,0.1702760200400412,0.05674172359720288,0.07289211876742827,0.06516623051575911,0.039906304316237665,0.09398113668654595,0.061328110687192704,0.046269253102399634,0.051543036963170974
