A,R,N,D,C,Q,E,G,H,I,L,K,M,F,P,S,T,W,Y,V,rank,aliphatic_index,boman,hydrophobicity,isoelectric_point,VHSE1,VHSE3,VHSE7,VHSE8
0.028720493403005254,0.02768048796145577,0.023940117093697037,0.030156942995249087,0.023495133249914014,0.025082873526393584,0.02872756610489922,0.031752082841020664,0.02687699839149276,0.03436378002519012,0.025103085642094826,0.030425946670861192,0.03080014677044396,0.03286984206952782,0.03225863681223208,0.04769032594471208,0.03406284842584019,0.02926072320541437,0.03053361298838685,0.03165768368329205,0.13515642569640765,0.030943144401305984,0.03963733154181922,0.03247787913671855,0.022579813099756117,0.053235089960515125,0.027822476467404416,0.0261589058405866,0.02652960605036342
