A,R,N,D,C,Q,E,G,H,I,L,K,M,F,P,S,T,W,Y,V,rank,aliphatic_index,boman,hydrophobicity,isoelectric_point,VHSE1,VHSE3,VHSE7,VHSE8
0.01327974061590614,0.010135398939656107,0.005701928769702355,0.017937458216064666,0.005349790149872311,0.00822344687362191,0.013809671010259128,0.009662788903158954,0.012832995741666523,0.02245295165922958,0.028117914281934525,0.010671811523419528,0.018573891864468957,0.019368711852286433,0.012539718773341322,0.026261883500621825,0.013816843067055263,0.007575792777974324,0.025820791233672015,0.026023082471798027,0.17377669897919273,0.0615867315182698,0.07647582408056022,0.0682993293655414,0.04366695258511187,0.0959947845459651,0.06476663396033525,0.050491645940188734,0.056784786799125034
