A,R,N,D,C,Q,E,G,H,I,L,K,M,F,P,S,T,W,Y,V,rank,aliphatic_index,boman,hydrophobicity,isoelectric_point,VHSE1,VHSE3,VHSE7,VHSE8
0.01970475721342863,0.011968252264865187,0.008503948084699911,0.01853463515548981,0.0053426786042111585,0.011270736228101402,0.015374297367062143,0.01419374321717958,0.016674428330798265,0.03045867900190377,0.033928263608355894,0.013159750278204036,0.02497343356684457,0.031031413419251957,0.017100155048082058,0.03211186911783355,0.021265374589170275,0.013294045488262468,0.03780565796563299,0.03312463209881349,0.1570793470331645,0.05348272323207355,0.06700175750449391,0.05885408228734268,0.03317767369633436,0.08479744301760411,0.05212582719372334,0.03927191899962047,0.04438847638745194
