A,R,N,D,C,Q,E,G,H,I,L,K,M,F,P,S,T,W,Y,V,rank,aliphatic_index,boman,hydrophobicity,isoelectric_point,VHSE1,VHSE3,VHSE7,VHSE8
0.014440548333788914,0.007842045583519147,0.007777421363701391,0.015843381048320428,0.004382124971212228,0.008249256834358221,0.010573872759089765,0.010101210600612486,0.012030934491567094,0.022818932218389053,0.020487418466170304,0.0077600047530104535,0.014499558610470984,0.02235592875293966,0.010944942143292063,0.02642171333200045,0.014173471460601484,0.009843601697236979,0.027776380585917554,0.024473775675124022,0.17567465382621217,0.06405511241734128,0.07895734238896392,0.07127838264439298,0.04470795647684966,0.09923758014952476,0.06627406649120479,0.050702978963465095,0.05631540296072268
