A,R,N,D,C,Q,E,G,H,I,L,K,M,F,P,S,T,W,Y,V,rank,aliphatic_index,boman,hydrophobicity,isoelectric_point,VHSE1,VHSE3,VHSE7,VHSE8
0.027928289292077756,0.03435018699046191,0.023463917317137234,0.02994882355044533,0.023922642879621096,0.025718082744442428,0.030604799983931546,0.03017813889547218,0.026261816596006134,0.04002281524219381,0.024221884111592755,0.03563155562651141,0.033082719680964656,0.03377832864080511,0.031220282412021533,0.04892946662839265,0.0361037394517648,0.028863004384545986,0.036020537048992475,0.03453515851423511,0.12941666573574034,0.028403534696686966,0.03505872714672692,0.028776190225559068,0.02117396391345992,0.04821400994003865,0.025194107057732906,0.024222068115725644,0.02475454317671371
