A,R,N,D,C,Q,E,G,H,I,L,K,M,F,P,S,T,W,Y,V,rank,aliphatic_index,boman,hydrophobicity,isoelectric_point,VHSE1,VHSE3,VHSE7,VHSE8
0.013852738597865047,0.009326154318821226,0.006576276579230789,0.016967381051353023,0.005874698412995667,0.008557671543097653,0.013082703451492417,0.01077300091661591,0.013117765366026008,0.02058790636195911,0.03097133514005247,0.010597872736883554,0.020196435333504376,0.017941113966863997,0.013161483596983927,0.02664167912087618,0.014403557563340294,0.008646761341983403,0.02888872812305751,0.02823759539318208,0.17024017459539884,0.05988032918893099,0.0764435485946771,0.06806367524290838,0.04196061011138581,0.09624688166915805,0.06475835891134604,0.049541048756310144,0.05446251401370004
