A,R,N,D,C,Q,E,G,H,I,L,K,M,F,P,S,T,W,Y,V,rank,aliphatic_index,boman,hydrophobicity,isoelectric_point,VHSE1,VHSE3,VHSE7,VHSE8
0.027802974834404685,0.03377416603274873,0.02331302082196936,0.02890103559855916,0.023872585400436165,0.025546494715694257,0.03081533224840154,0.030462271528910605,0.026717672350113512,0.03976199580668649,0.02467280710731984,0.03532358952883851,0.03317682918689724,0.03422243692865552,0.030380727697997843,0.04923181322528239,0.03616967586548717,0.028164158614704966,0.03561405996414084,0.034613946105971426,0.13051268138925814,0.028688485014353872,0.03550037867171595,0.028940254486980066,0.02102737045863457,0.048275342065099786,0.025395610021442805,0.024275932542935676,0.024846351786358894
