A,R,N,D,C,Q,E,G,H,I,L,K,M,F,P,S,T,W,Y,V,rank,aliphatic_index,boman,hydrophobicity,isoelectric_point,VHSE1,VHSE3,VHSE7,VHSE8
0.017943073520876263,0.018710270158722203,0.007254899783052453,0.03214648168695827,0.013636451210016007,0.014055169707214927,0.022091265038307595,0.013508794686712264,0.012729890569837574,0.022352427530262137,0.05513326643628759,0.014093407471057964,0.025455319057283137,0.028067622382356005,0.01931902427984552,0.04087493084339444,0.014671427590553615,0.006227493654057346,0.01929611206504989,0.028187061348803555,0.1609650476829211,0.04891497937663309,0.06318392527512422,0.05583093331297937,0.031097653307164748,0.0844599950512795,0.05089946284051298,0.03751507165509228,0.041378542477643956
