A,R,N,D,C,Q,E,G,H,I,L,K,M,F,P,S,T,W,Y,V,rank,aliphatic_index,boman,hydrophobicity,isoelectric_point,VHSE1,VHSE3,VHSE7,VHSE8
0.025834746649331948,0.024707672444412992,0.029634480200196267,0.03959073171424635,0.037967001155971916,0.025762289577400288,0.03151532272481884,0.034009245229379356,0.024395479579073703,0.027612066317610907,0.031830347154450836,0.02381788318903679,0.03866379619524799,0.025258750528550627,0.03322610730739732,0.04119053368023947,0.02520011084248274,0.024997533798764418,0.025998410776504756,0.025992719430133877,0.13936366352709056,0.02601938189105187,0.03916870183496722,0.032713671481684164,0.021271746067288527,0.05844171663115344,0.0334717858181761,0.026170367574223353,0.026173736679113428
