A,R,N,D,C,Q,E,G,H,I,L,K,M,F,P,S,T,W,Y,V,rank,aliphatic_index,boman,hydrophobicity,isoelectric_point,VHSE1,VHSE3,VHSE7,VHSE8
0.024449539403305257,0.029787738398775056,0.026241380870590313,0.033921458760307235,0.022312190690179333,0.02608367738609655,0.03323612183434817,0.03387393126137605,0.02503508163670165,0.04329407013095031,0.032589784323378446,0.031977054777139594,0.04660312903766985,0.02496704042329646,0.03311037682918131,0.04458284544713553,0.02998154672696789,0.02763854181820677,0.028971554547052452,0.03627508412180431,0.13319654211969495,0.02458389769443895,0.036536777735510416,0.031080123485055667,0.017781984588315557,0.05013461798435074,0.024603640628629558,0.0223826519156684,0.024767615423873228
