A,R,N,D,C,Q,E,G,H,I,L,K,M,F,P,S,T,W,Y,V,rank,aliphatic_index,boman,hydrophobicity,isoelectric_point,VHSE1,VHSE3,VHSE7,VHSE8
0.024430582304819655,0.024499530510363927,0.02877852907442487,0.041709793261856185,0.036189297853866896,0.02702449016004601,0.03213180786989937,0.031238156710482672,0.02440067450020015,0.028073287946021448,0.032758725521408204,0.024490109188017004,0.03883936966378197,0.02555570962432077,0.032019043331989724,0.043104345622969734,0.025533716632766962,0.024997494607412296,0.025413694525609255,0.026112080335395672,0.13841720807544033,0.025834431882162213,0.038661000729525566,0.03239475676175503,0.02203164539097538,0.058227986489130634,0.03427627058071071,0.02629094745200903,0.026565313392638328
