A,R,N,D,C,Q,E,G,H,I,L,K,M,F,P,S,T,W,Y,V,rank,aliphatic_index,boman,hydrophobicity,isoelectric_point,VHSE1,VHSE3,VHSE7,VHSE8
0.023451601168591622,0.023422492031689633,0.030024866428937102,0.04241908703435372,0.03567559890656234,0.025481758660759374,0.03120296392814815,0.03576013086039871,0.026017307429288417,0.025548758550036667,0.02995938390751096,0.022805373439588005,0.03505265951695523,0.024449356161500697,0.029246577763985038,0.04255048144001259,0.023825753821213477,0.02155523719567876,0.025963934751046157,0.02335472078496572,0.14621372565531138,0.02773034938959936,0.04042898512879671,0.03344326005989699,0.02275785303172733,0.05978875786625466,0.03582828511792925,0.027362379838260564,0.028678360131001418
