A,R,N,D,C,Q,E,G,H,I,L,K,M,F,P,S,T,W,Y,V,rank,aliphatic_index,boman,hydrophobicity,isoelectric_point,VHSE1,VHSE3,VHSE7,VHSE8
0.023213013029158777,0.0381164639637032,0.022478478202587276,0.026046942401822794,0.02179038734585229,0.022714279558938753,0.027578545269926043,0.02942580369980316,0.024045518952505854,0.03413453135782792,0.03562806848049376,0.03402903354774473,0.034882149292620256,0.02685521041107199,0.027920207753518757,0.048866966897952446,0.02895829885999669,0.02734572490552727,0.02585490304609988,0.029027385029858587,0.14585744130774336,0.02783448921283339,0.03750336071638645,0.030900586868725783,0.024221878960455818,0.05146826426415596,0.03169118077920641,0.030378846107497675,0.031232039775984703
