ccp_alpha,max_depth,n_estimators,score_avg_valid_auc,score_avg_train_auc,score_avg_valid_auc_01,score_avg_train_auc_01,score_avg_valid_f1score,score_avg_train_f1score,score_test_auc,score_test_auc_01,score_test_f1
1e-10,3.0,100,0.6841375571139785,0.753929393019532,0.5586425522388296,0.6179988892557555,0.0037878787878787884,0.02636300296254623,0.6784241837299392,0.5462674394897038,0.0
1e-10,,100,0.7001352256130952,1.0,0.5622296750874867,1.0,0.1588748004292158,1.0,0.6860334809075815,0.592025165292867,0.07142857142857144
