ccp_alpha,max_depth,n_estimators,score_avg_valid_auc,score_avg_train_auc,score_avg_valid_auc_01,score_avg_train_auc_01,score_avg_valid_f1score,score_avg_train_f1score,score_test_auc,score_test_auc_01,score_test_f1
1e-10,3.0,100,0.6866666912102037,0.7652827752119689,0.5662140718752859,0.6264269110485996,0.00735930735930736,0.03352621215503788,0.648952155001977,0.5365063508910671,0.0
1e-10,,100,0.7037069663480808,1.0,0.573899920177622,1.0,0.17905433273993432,1.0,0.6540529853697113,0.5716842521487586,0.05405405405405406
