ccp_alpha,max_depth,n_estimators,score_avg_valid_auc,score_avg_train_auc,score_avg_valid_auc_01,score_avg_train_auc_01,score_avg_valid_f1score,score_avg_train_f1score,score_test_auc,score_test_auc_01,score_test_f1
1e-10,3.0,100,0.679178931246341,0.7660038717641962,0.5583009761168283,0.6338016640449089,0.0,0.0445241622327118,0.6486281377699942,0.5287771871788832,0.014705882352941178
1e-10,,100,0.6731536689093357,1.0,0.5758400946079705,1.0,0.15218763934616578,1.0,0.6446455211779204,0.5325870621289553,0.0810810810810811
