ccp_alpha,max_depth,n_estimators,score_avg_valid_auc,score_avg_train_auc,score_avg_valid_auc_01,score_avg_train_auc_01,score_avg_valid_f1score,score_avg_train_f1score,score_test_auc,score_test_auc_01,score_test_f1
1e-10,3.0,100,0.6536102674896038,0.7187105477945066,0.554739927192605,0.5929598049183593,0.0,0.0011261261261261263,0.6846335274588927,0.5809994240359957,0.0
1e-10,,100,0.6472590556060583,1.0,0.553750589309753,1.0,0.032740791062801936,1.0,0.7246761158493646,0.5882945758781097,0.056338028169014086
