ccp_alpha,max_depth,n_estimators,score_avg_valid_auc,score_avg_train_auc,score_avg_valid_auc_01,score_avg_train_auc_01,score_avg_valid_f1score,score_avg_train_f1score,score_test_auc,score_test_auc_01,score_test_f1
1e-10,3.0,100,0.6748781238596213,0.7539040547493923,0.555409610380033,0.6280150177892487,0.0,0.020654123341576496,0.7114073197304531,0.5610625282724748,0.0
1e-10,,100,0.6905494326167154,1.0,0.5716328318544865,1.0,0.16764932498151414,1.0,0.732880950139212,0.5671442517413012,0.15789473684210525
