ccp_alpha,max_depth,n_estimators,score_avg_valid_auc,score_avg_train_auc,score_avg_valid_auc_01,score_avg_train_auc_01,score_avg_valid_f1score,score_avg_train_f1score,score_test_auc,score_test_auc_01,score_test_f1
1e-10,3.0,100,0.6727673547189343,0.7459611768567765,0.5536317577873578,0.6248897777988087,0.0,0.003239912902312115,0.7365142581779014,0.5948272518134159,0.0
1e-10,,100,0.6780158875330919,1.0,0.5581236609501354,1.0,0.09165468187177314,0.9998663101604278,0.746407109246556,0.5888297761240792,0.2054794520547945
