ccp_alpha,max_depth,n_estimators,score_avg_valid_auc,score_avg_train_auc,score_avg_valid_auc_01,score_avg_train_auc_01,score_avg_valid_f1score,score_avg_train_f1score,score_test_auc,score_test_auc_01,score_test_f1
1e-10,3.0,100,0.6651746580300898,0.7656517726053699,0.5472538572897158,0.6335747292978718,0.0,0.0,0.7450372208436723,0.6310268678689731,0.0
1e-10,,100,0.6622230842066466,1.0,0.5581320275320079,1.0,0.08933833341563635,1.0,0.7431479810512069,0.6004398826979472,0.1276595744680851
