ccp_alpha,max_depth,n_estimators,score_avg_valid_auc,score_avg_train_auc,score_avg_valid_auc_01,score_avg_train_auc_01,score_avg_valid_f1score,score_avg_train_f1score,score_test_auc,score_test_auc_01,score_test_f1
1e-10,3.0,100,0.6513037227887083,0.7249656267930134,0.5620686321388793,0.5917748170381496,0.0,0.015586328080813738,0.6858322608976744,0.5662919321272619,0.0
1e-10,,100,0.6646028052158023,1.0,0.569471113263819,1.0,0.04364820302038843,0.9998615725359912,0.6844873960855591,0.5674892935663811,0.015151515151515152
